{"cameraMode":{"drawMode":0,"name":"Shaded","section":"Shading Mode"},"sceneLighting":false,"audioPlay":false,"sceneViewState":{"showFog":true,"showMaterialUpdate":true,"showSkybox":true,"showFlares":true,"showImageEffects":true,"showParticleSystems":true},"in2DMode":false,"pivot":{"x":30.558300018310548,"y":3.588120937347412,"z":11.472673416137696},"rotation":{"x":0.08961171656847,"y":0.7130917310714722,"z":-0.09272414445877075,"w":0.689115047454834},"size":9.550000190734864,"orthographic":false}